RPM_Left,RPM_Right,Pos_Left,Pos_Right,Pose,time_stamp
,,,,"[0.0, 0.0, 0.0]","Time(nanoseconds=1716019184003335815, clock_type=ROS_TIME)"
,,,,"[0.0, 0.0, 0.0]","Time(nanoseconds=1716019184005187401, clock_type=ROS_TIME)"
,,,,"[0.0, 0.0, 0.0]","Time(nanoseconds=1716019184015426040, clock_type=ROS_TIME)"
,,,,"[0.0, 0.0, 0.0]","Time(nanoseconds=1716019184025387671, clock_type=ROS_TIME)"
,,,,"[0.0, 0.0, 0.0]","Time(nanoseconds=1716019184035344393, clock_type=ROS_TIME)"
,,,,"[0.0, 0.0, 0.0]","Time(nanoseconds=1716019184045405817, clock_type=ROS_TIME)"
,,,,"[0.0, 0.0, 0.0]","Time(nanoseconds=1716019184055386042, clock_type=ROS_TIME)"
,,,,"[0.0, 0.0, 0.0]","Time(nanoseconds=1716019184065308000, clock_type=ROS_TIME)"
,,,,"[0.0, 0.0, 0.0]","Time(nanoseconds=1716019184075404288, clock_type=ROS_TIME)"
,,,,"[0.0, 0.0, 0.0]","Time(nanoseconds=1716019184085479968, clock_type=ROS_TIME)"
,,,,"[0.0, 0.0, 0.0]","Time(nanoseconds=1716019184095384554, clock_type=ROS_TIME)"
,,,,"[0.0, 0.0, 0.0]","Time(nanoseconds=1716019184105335175, clock_type=ROS_TIME)"
,,,,"[0.0, 0.0, 0.0]","Time(nanoseconds=1716019184115449235, clock_type=ROS_TIME)"
,,,,"[0.0, 0.0, 0.0]","Time(nanoseconds=1716019184125500571, clock_type=ROS_TIME)"
,,,,"[0.0, 0.0, 0.0]","Time(nanoseconds=1716019184135256635, clock_type=ROS_TIME)"
,,,,"[0.0, 0.0, 0.0]","Time(nanoseconds=1716019184145375795, clock_type=ROS_TIME)"
,,,,"[0.0, 0.0, 0.0]","Time(nanoseconds=1716019184155521784, clock_type=ROS_TIME)"
,,,,"[0.0, 0.0, 0.0]","Time(nanoseconds=1716019184165362783, clock_type=ROS_TIME)"
,,,,"[0.0, 0.0, 0.0]","Time(nanoseconds=1716019184175508241, clock_type=ROS_TIME)"
,,,,"[0.0, 0.0, 0.0]","Time(nanoseconds=1716019184185221607, clock_type=ROS_TIME)"
,,,,"[0.0, 0.0, 0.0]","Time(nanoseconds=1716019184195450919, clock_type=ROS_TIME)"
,,,,"[0.0, 0.0, 0.0]","Time(nanoseconds=1716019184205497225, clock_type=ROS_TIME)"
,,,,"[0.0, 0.0, 0.0]","Time(nanoseconds=1716019184215934368, clock_type=ROS_TIME)"
,,,,"[0.0, 0.0, 0.0]","Time(nanoseconds=1716019184225478503, clock_type=ROS_TIME)"
,,,,"[0.0, 0.0, 0.0]","Time(nanoseconds=1716019184235466322, clock_type=ROS_TIME)"
,,,,"[0.0, 0.0, 0.0]","Time(nanoseconds=1716019184245401785, clock_type=ROS_TIME)"
,,,,"[0.0, 0.0, 0.0]","Time(nanoseconds=1716019184255483366, clock_type=ROS_TIME)"
,,,,"[0.0, 0.0, 0.0]","Time(nanoseconds=1716019184265497834, clock_type=ROS_TIME)"
,,,,"[0.0, 0.0, 0.0]","Time(nanoseconds=1716019184275504968, clock_type=ROS_TIME)"
,,,,"[0.0, 0.0, 0.0]","Time(nanoseconds=1716019184285448356, clock_type=ROS_TIME)"
,,,,"[0.0, 0.0, 0.0]","Time(nanoseconds=1716019184295394919, clock_type=ROS_TIME)"
,,,,"[0.0, 0.0, 0.0]","Time(nanoseconds=1716019184305479245, clock_type=ROS_TIME)"
,,,,"[0.0, 0.0, 0.0]","Time(nanoseconds=1716019184315414848, clock_type=ROS_TIME)"
,,,,"[0.0, 0.0, 0.0]","Time(nanoseconds=1716019184325427352, clock_type=ROS_TIME)"
,,,,"[0.0, 0.0, 0.0]","Time(nanoseconds=1716019184335285454, clock_type=ROS_TIME)"
,,,,"[0.0, 0.0, 0.0]","Time(nanoseconds=1716019184345404453, clock_type=ROS_TIME)"
,,,,"[0.0, 0.0, 0.0]","Time(nanoseconds=1716019184355516159, clock_type=ROS_TIME)"
,,,,"[0.0, 0.0, 0.0]","Time(nanoseconds=1716019184365417710, clock_type=ROS_TIME)"
,,,,"[0.0, 0.0, 0.0]","Time(nanoseconds=1716019184375433029, clock_type=ROS_TIME)"
,,,,"[0.0, 0.0, 0.0]","Time(nanoseconds=1716019184385297031, clock_type=ROS_TIME)"
,,,,"[0.0, 0.0, 0.0]","Time(nanoseconds=1716019184395393579, clock_type=ROS_TIME)"
,,,,"[0.0, 0.0, 0.0]","Time(nanoseconds=1716019184405381268, clock_type=ROS_TIME)"
,,,,"[0.0, 0.0, 0.0]","Time(nanoseconds=1716019184415299920, clock_type=ROS_TIME)"
,,,,"[0.0, 0.0, 0.0]","Time(nanoseconds=1716019184425446110, clock_type=ROS_TIME)"
,,,,"[0.0, 0.0, 0.0]","Time(nanoseconds=1716019184435572272, clock_type=ROS_TIME)"
,,,,"[0.0, 0.0, 0.0]","Time(nanoseconds=1716019184445380963, clock_type=ROS_TIME)"
,,,,"[0.0, 0.0, 0.0]","Time(nanoseconds=1716019184455455931, clock_type=ROS_TIME)"
,,,,"[0.0, 0.0, 0.0]","Time(nanoseconds=1716019184465345550, clock_type=ROS_TIME)"
,,,,"[0.0, 0.0, 0.0]","Time(nanoseconds=1716019184475437029, clock_type=ROS_TIME)"
,,,,"[0.0, 0.0, 0.0]","Time(nanoseconds=1716019184485270355, clock_type=ROS_TIME)"
,,,,"[0.0, 0.0, 0.0]","Time(nanoseconds=1716019184495392641, clock_type=ROS_TIME)"
,,,,"[0.0, 0.0, 0.0]","Time(nanoseconds=1716019184505438245, clock_type=ROS_TIME)"
,,,,"[0.0, 0.0, 0.0]","Time(nanoseconds=1716019184515344374, clock_type=ROS_TIME)"
,,,,"[0.0, 0.0, 0.0]","Time(nanoseconds=1716019184525380562, clock_type=ROS_TIME)"
,,,,"[0.0, 0.0, 0.0]","Time(nanoseconds=1716019184535525109, clock_type=ROS_TIME)"
,,,,"[0.0, 0.0, 0.0]","Time(nanoseconds=1716019184545410269, clock_type=ROS_TIME)"
,,,,"[0.0, 0.0, 0.0]","Time(nanoseconds=1716019184555512107, clock_type=ROS_TIME)"
,,,,"[0.0, 0.0, 0.0]","Time(nanoseconds=1716019184565291825, clock_type=ROS_TIME)"
,,,,"[0.0, 0.0, 0.0]","Time(nanoseconds=1716019184575504967, clock_type=ROS_TIME)"
,,,,"[0.0, 0.0, 0.0]","Time(nanoseconds=1716019184585286327, clock_type=ROS_TIME)"
,,,,"[0.0, 0.0, 0.0]","Time(nanoseconds=1716019184595438728, clock_type=ROS_TIME)"
,,,,"[0.0, 0.0, 0.0]","Time(nanoseconds=1716019184605434050, clock_type=ROS_TIME)"
,,,,"[0.0, 0.0, 0.0]","Time(nanoseconds=1716019184615361108, clock_type=ROS_TIME)"
,,,,"[0.0, 0.0, 0.0]","Time(nanoseconds=1716019184625442839, clock_type=ROS_TIME)"
,,,,"[0.0, 0.0, 0.0]","Time(nanoseconds=1716019184635312441, clock_type=ROS_TIME)"
,,,,"[0.0, 0.0, 0.0]","Time(nanoseconds=1716019184645394693, clock_type=ROS_TIME)"
,,,,"[0.0, 0.0, 0.0]","Time(nanoseconds=1716019184655448844, clock_type=ROS_TIME)"
,,,,"[0.0, 0.0, 0.0]","Time(nanoseconds=1716019184665275998, clock_type=ROS_TIME)"
,,,,"[0.0, 0.0, 0.0]","Time(nanoseconds=1716019184675434480, clock_type=ROS_TIME)"
,,,,"[0.0, 0.0, 0.0]","Time(nanoseconds=1716019184685305746, clock_type=ROS_TIME)"
,,,,"[0.0, 0.0, 0.0]","Time(nanoseconds=1716019184695391253, clock_type=ROS_TIME)"
,,,,"[0.0, 0.0, 0.0]","Time(nanoseconds=1716019184705422352, clock_type=ROS_TIME)"
,,,,"[0.0, 0.0, 0.0]","Time(nanoseconds=1716019184715335784, clock_type=ROS_TIME)"
,,,,"[0.0, 0.0, 0.0]","Time(nanoseconds=1716019184725411825, clock_type=ROS_TIME)"
,,,,"[0.0, 0.0, 0.0]","Time(nanoseconds=1716019184735282309, clock_type=ROS_TIME)"
,,,,"[0.0, 0.0, 0.0]","Time(nanoseconds=1716019184745396359, clock_type=ROS_TIME)"
,,,,"[0.0, 0.0, 0.0]","Time(nanoseconds=1716019184755465658, clock_type=ROS_TIME)"
,,,,"[0.0, 0.0, 0.0]","Time(nanoseconds=1716019184765451904, clock_type=ROS_TIME)"
,,,,"[0.0, 0.0, 0.0]","Time(nanoseconds=1716019184775442027, clock_type=ROS_TIME)"
,,,,"[0.0, 0.0, 0.0]","Time(nanoseconds=1716019184785378071, clock_type=ROS_TIME)"
,,,,"[0.0, 0.0, 0.0]","Time(nanoseconds=1716019184795389032, clock_type=ROS_TIME)"
,,,,"[0.0, 0.0, 0.0]","Time(nanoseconds=1716019184805443283, clock_type=ROS_TIME)"
,,,,"[0.0, 0.0, 0.0]","Time(nanoseconds=1716019184816151914, clock_type=ROS_TIME)"
,,,,"[0.0, 0.0, 0.0]","Time(nanoseconds=1716019184825456079, clock_type=ROS_TIME)"
,,,,"[0.0, 0.0, 0.0]","Time(nanoseconds=1716019184835358912, clock_type=ROS_TIME)"
,,,,"[0.0, 0.0, 0.0]","Time(nanoseconds=1716019184845391563, clock_type=ROS_TIME)"
,,,,"[0.0, 0.0, 0.0]","Time(nanoseconds=1716019184855446034, clock_type=ROS_TIME)"
,,,,"[0.0, 0.0, 0.0]","Time(nanoseconds=1716019184865273349, clock_type=ROS_TIME)"
,,,,"[0.0, 0.0, 0.0]","Time(nanoseconds=1716019184875427583, clock_type=ROS_TIME)"
,,,,"[0.0, 0.0, 0.0]","Time(nanoseconds=1716019184885402899, clock_type=ROS_TIME)"
,,,,"[0.0, 0.0, 0.0]","Time(nanoseconds=1716019184895437284, clock_type=ROS_TIME)"
,,,,"[0.0, 0.0, 0.0]","Time(nanoseconds=1716019184905487166, clock_type=ROS_TIME)"
,,,,"[0.0, 0.0, 0.0]","Time(nanoseconds=1716019184915409355, clock_type=ROS_TIME)"
,,,,"[0.0, 0.0, 0.0]","Time(nanoseconds=1716019184925387165, clock_type=ROS_TIME)"
,,,,"[0.0, 0.0, 0.0]","Time(nanoseconds=1716019184935269741, clock_type=ROS_TIME)"
,,,,"[0.0, 0.0, 0.0]","Time(nanoseconds=1716019184945442449, clock_type=ROS_TIME)"
,,,,"[0.0, 0.0, 0.0]","Time(nanoseconds=1716019184955336316, clock_type=ROS_TIME)"
,,,,"[0.0, 0.0, 0.0]","Time(nanoseconds=1716019184965439607, clock_type=ROS_TIME)"
,,,,"[0.0, 0.0, 0.0]","Time(nanoseconds=1716019184975408771, clock_type=ROS_TIME)"
,,,,"[0.0, 0.0, 0.0]","Time(nanoseconds=1716019184985341429, clock_type=ROS_TIME)"
,,,,"[0.0, 0.0, 0.0]","Time(nanoseconds=1716019184995414995, clock_type=ROS_TIME)"
,,,,"[0.0, 0.0, 0.0]","Time(nanoseconds=1716019185005450712, clock_type=ROS_TIME)"
,,,,"[0.0, 0.0, 0.0]","Time(nanoseconds=1716019185015372211, clock_type=ROS_TIME)"
,,,,"[0.0, 0.0, 0.0]","Time(nanoseconds=1716019185025441971, clock_type=ROS_TIME)"
,,,,"[0.0, 0.0, 0.0]","Time(nanoseconds=1716019185035378145, clock_type=ROS_TIME)"
,,,,"[0.0, 0.0, 0.0]","Time(nanoseconds=1716019185045392855, clock_type=ROS_TIME)"
,,,,"[0.0, 0.0, 0.0]","Time(nanoseconds=1716019185055436156, clock_type=ROS_TIME)"
,,,,"[0.0, 0.0, 0.0]","Time(nanoseconds=1716019185065275784, clock_type=ROS_TIME)"
,,,,"[0.0, 0.0, 0.0]","Time(nanoseconds=1716019185075478999, clock_type=ROS_TIME)"
,,,,"[0.0, 0.0, 0.0]","Time(nanoseconds=1716019185085380771, clock_type=ROS_TIME)"
,,,,"[0.0, 0.0, 0.0]","Time(nanoseconds=1716019185095463064, clock_type=ROS_TIME)"
,,,,"[0.0, 0.0, 0.0]","Time(nanoseconds=1716019185105344338, clock_type=ROS_TIME)"
,,,,"[0.0, 0.0, 0.0]","Time(nanoseconds=1716019185115404640, clock_type=ROS_TIME)"
,,,,"[0.0, 0.0, 0.0]","Time(nanoseconds=1716019185125453733, clock_type=ROS_TIME)"
,,,,"[0.0, 0.0, 0.0]","Time(nanoseconds=1716019185135419973, clock_type=ROS_TIME)"
,,,,"[0.0, 0.0, 0.0]","Time(nanoseconds=1716019185145478021, clock_type=ROS_TIME)"
,,,,"[0.0, 0.0, 0.0]","Time(nanoseconds=1716019185155518458, clock_type=ROS_TIME)"
,,,,"[0.0, 0.0, 0.0]","Time(nanoseconds=1716019185165419107, clock_type=ROS_TIME)"
,,,,"[0.0, 0.0, 0.0]","Time(nanoseconds=1716019185175413880, clock_type=ROS_TIME)"
,,,,"[0.0, 0.0, 0.0]","Time(nanoseconds=1716019185185379008, clock_type=ROS_TIME)"
,,,,"[0.0, 0.0, 0.0]","Time(nanoseconds=1716019185195480246, clock_type=ROS_TIME)"
,,,,"[0.0, 0.0, 0.0]","Time(nanoseconds=1716019185205521954, clock_type=ROS_TIME)"
,,,,"[0.0, 0.0, 0.0]","Time(nanoseconds=1716019185215409540, clock_type=ROS_TIME)"
,,,,"[0.0, 0.0, 0.0]","Time(nanoseconds=1716019185225518852, clock_type=ROS_TIME)"
,,,,"[0.0, 0.0, 0.0]","Time(nanoseconds=1716019185235498127, clock_type=ROS_TIME)"
,,,,"[0.0, 0.0, 0.0]","Time(nanoseconds=1716019185245428371, clock_type=ROS_TIME)"
,,,,"[0.0, 0.0, 0.0]","Time(nanoseconds=1716019185255470740, clock_type=ROS_TIME)"
,,,,"[0.0, 0.0, 0.0]","Time(nanoseconds=1716019185265391077, clock_type=ROS_TIME)"
,,,,"[0.0, 0.0, 0.0]","Time(nanoseconds=1716019185275496973, clock_type=ROS_TIME)"
,,,,"[0.0, 0.0, 0.0]","Time(nanoseconds=1716019185285270179, clock_type=ROS_TIME)"
,,,,"[0.0, 0.0, 0.0]","Time(nanoseconds=1716019185295458597, clock_type=ROS_TIME)"
,,,,"[0.0, 0.0, 0.0]","Time(nanoseconds=1716019185305433072, clock_type=ROS_TIME)"
,,,,"[0.0, 0.0, 0.0]","Time(nanoseconds=1716019185315317051, clock_type=ROS_TIME)"
,,,,"[0.0, 0.0, 0.0]","Time(nanoseconds=1716019185325432294, clock_type=ROS_TIME)"
,,,,"[0.0, 0.0, 0.0]","Time(nanoseconds=1716019185335280879, clock_type=ROS_TIME)"
,,,,"[0.0, 0.0, 0.0]","Time(nanoseconds=1716019185345432319, clock_type=ROS_TIME)"
,,,,"[0.0, 0.0, 0.0]","Time(nanoseconds=1716019185355395754, clock_type=ROS_TIME)"
,,,,"[0.0, 0.0, 0.0]","Time(nanoseconds=1716019185365285754, clock_type=ROS_TIME)"
,,,,"[0.0, 0.0, 0.0]","Time(nanoseconds=1716019185375451961, clock_type=ROS_TIME)"
,,,,"[0.0, 0.0, 0.0]","Time(nanoseconds=1716019185385276150, clock_type=ROS_TIME)"
,,,,"[0.0, 0.0, 0.0]","Time(nanoseconds=1716019185395434483, clock_type=ROS_TIME)"
,,,,"[0.0, 0.0, 0.0]","Time(nanoseconds=1716019185405418786, clock_type=ROS_TIME)"
,,,,"[0.0, 0.0, 0.0]","Time(nanoseconds=1716019185415813071, clock_type=ROS_TIME)"
,,,,"[0.0, 0.0, 0.0]","Time(nanoseconds=1716019185426130045, clock_type=ROS_TIME)"
,,,,"[0.0, 0.0, 0.0]","Time(nanoseconds=1716019185435434581, clock_type=ROS_TIME)"
,,,,"[0.0, 0.0, 0.0]","Time(nanoseconds=1716019185445431808, clock_type=ROS_TIME)"
,,,,"[0.0, 0.0, 0.0]","Time(nanoseconds=1716019185455463779, clock_type=ROS_TIME)"
,,,,"[0.0, 0.0, 0.0]","Time(nanoseconds=1716019185465355753, clock_type=ROS_TIME)"
,,,,"[0.0, 0.0, 0.0]","Time(nanoseconds=1716019185475446982, clock_type=ROS_TIME)"
,,,,"[0.0, 0.0, 0.0]","Time(nanoseconds=1716019185485410878, clock_type=ROS_TIME)"
,,,,"[0.0, 0.0, 0.0]","Time(nanoseconds=1716019185495429995, clock_type=ROS_TIME)"
,,,,"[0.0, 0.0, 0.0]","Time(nanoseconds=1716019185505429336, clock_type=ROS_TIME)"
,,,,"[0.0, 0.0, 0.0]","Time(nanoseconds=1716019185515424760, clock_type=ROS_TIME)"
,,,,"[0.0, 0.0, 0.0]","Time(nanoseconds=1716019185525427286, clock_type=ROS_TIME)"
,,,,"[0.0, 0.0, 0.0]","Time(nanoseconds=1716019185535465288, clock_type=ROS_TIME)"
,,,,"[0.0, 0.0, 0.0]","Time(nanoseconds=1716019185545470460, clock_type=ROS_TIME)"
,,,,"[0.0, 0.0, 0.0]","Time(nanoseconds=1716019185555496229, clock_type=ROS_TIME)"
,,,,"[0.0, 0.0, 0.0]","Time(nanoseconds=1716019185565455797, clock_type=ROS_TIME)"
,,,,"[0.0, 0.0, 0.0]","Time(nanoseconds=1716019185575531418, clock_type=ROS_TIME)"
,,,,"[0.0, 0.0, 0.0]","Time(nanoseconds=1716019185585504330, clock_type=ROS_TIME)"
,,,,"[0.0, 0.0, 0.0]","Time(nanoseconds=1716019185595560856, clock_type=ROS_TIME)"
,,,,"[0.0, 0.0, 0.0]","Time(nanoseconds=1716019185605531564, clock_type=ROS_TIME)"
,,,,"[0.0, 0.0, 0.0]","Time(nanoseconds=1716019185615360232, clock_type=ROS_TIME)"
,,,,"[0.0, 0.0, 0.0]","Time(nanoseconds=1716019185625463874, clock_type=ROS_TIME)"
,,,,"[0.0, 0.0, 0.0]","Time(nanoseconds=1716019185635388798, clock_type=ROS_TIME)"
,,,,"[0.0, 0.0, 0.0]","Time(nanoseconds=1716019185645505725, clock_type=ROS_TIME)"
,,,,"[0.0, 0.0, 0.0]","Time(nanoseconds=1716019185655481633, clock_type=ROS_TIME)"
,,,,"[0.0, 0.0, 0.0]","Time(nanoseconds=1716019185665329716, clock_type=ROS_TIME)"
,,,,"[0.0, 0.0, 0.0]","Time(nanoseconds=1716019185675499910, clock_type=ROS_TIME)"
,,,,"[0.0, 0.0, 0.0]","Time(nanoseconds=1716019185685274339, clock_type=ROS_TIME)"
,,,,"[0.0, 0.0, 0.0]","Time(nanoseconds=1716019185695512828, clock_type=ROS_TIME)"
,,,,"[0.0, 0.0, 0.0]","Time(nanoseconds=1716019185705459362, clock_type=ROS_TIME)"
,,,,"[0.0, 0.0, 0.0]","Time(nanoseconds=1716019185715279354, clock_type=ROS_TIME)"
,,,,"[0.0, 0.0, 0.0]","Time(nanoseconds=1716019185725503317, clock_type=ROS_TIME)"
,,,,"[0.0, 0.0, 0.0]","Time(nanoseconds=1716019185735267617, clock_type=ROS_TIME)"
,,,,"[0.0, 0.0, 0.0]","Time(nanoseconds=1716019185745510404, clock_type=ROS_TIME)"
,,,,"[0.0, 0.0, 0.0]","Time(nanoseconds=1716019185755550700, clock_type=ROS_TIME)"
,,,,"[0.0, 0.0, 0.0]","Time(nanoseconds=1716019185765264237, clock_type=ROS_TIME)"
,,,,"[0.0, 0.0, 0.0]","Time(nanoseconds=1716019185775453405, clock_type=ROS_TIME)"
,,,,"[0.0, 0.0, 0.0]","Time(nanoseconds=1716019185785284358, clock_type=ROS_TIME)"
,,,,"[0.0, 0.0, 0.0]","Time(nanoseconds=1716019185795493704, clock_type=ROS_TIME)"
,,,,"[0.0, 0.0, 0.0]","Time(nanoseconds=1716019185805475382, clock_type=ROS_TIME)"
,,,,"[0.0, 0.0, 0.0]","Time(nanoseconds=1716019185815489009, clock_type=ROS_TIME)"
,,,,"[0.0, 0.0, 0.0]","Time(nanoseconds=1716019185825501314, clock_type=ROS_TIME)"
,,,,"[0.0, 0.0, 0.0]","Time(nanoseconds=1716019185835515481, clock_type=ROS_TIME)"
,,,,"[0.0, 0.0, 0.0]","Time(nanoseconds=1716019185845515003, clock_type=ROS_TIME)"
,,,,"[0.0, 0.0, 0.0]","Time(nanoseconds=1716019185855520405, clock_type=ROS_TIME)"
,,,,"[0.0, 0.0, 0.0]","Time(nanoseconds=1716019185865496814, clock_type=ROS_TIME)"
,,,,"[0.0, 0.0, 0.0]","Time(nanoseconds=1716019185875497226, clock_type=ROS_TIME)"
,,,,"[0.0, 0.0, 0.0]","Time(nanoseconds=1716019185885302952, clock_type=ROS_TIME)"
,,,,"[0.0, 0.0, 0.0]","Time(nanoseconds=1716019185895512509, clock_type=ROS_TIME)"
,,,,"[0.0, 0.0, 0.0]","Time(nanoseconds=1716019185905569475, clock_type=ROS_TIME)"
,,,,"[0.0, 0.0, 0.0]","Time(nanoseconds=1716019185915489931, clock_type=ROS_TIME)"
,,,,"[0.0, 0.0, 0.0]","Time(nanoseconds=1716019185925500873, clock_type=ROS_TIME)"
,,,,"[0.0, 0.0, 0.0]","Time(nanoseconds=1716019185935385263, clock_type=ROS_TIME)"
,,,,"[0.0, 0.0, 0.0]","Time(nanoseconds=1716019185945505666, clock_type=ROS_TIME)"
,,,,"[0.0, 0.0, 0.0]","Time(nanoseconds=1716019185955491833, clock_type=ROS_TIME)"
,,,,"[0.0, 0.0, 0.0]","Time(nanoseconds=1716019185965494971, clock_type=ROS_TIME)"
,,,,"[0.0, 0.0, 0.0]","Time(nanoseconds=1716019185975544764, clock_type=ROS_TIME)"
,,,,"[0.0, 0.0, 0.0]","Time(nanoseconds=1716019185985370677, clock_type=ROS_TIME)"
,,,,"[0.0, 0.0, 0.0]","Time(nanoseconds=1716019185995503412, clock_type=ROS_TIME)"
,,,,"[0.0, 0.0, 0.0]","Time(nanoseconds=1716019186005479661, clock_type=ROS_TIME)"
,,,,"[0.0, 0.0, 0.0]","Time(nanoseconds=1716019186015435613, clock_type=ROS_TIME)"
,,,,"[0.0, 0.0, 0.0]","Time(nanoseconds=1716019186025430406, clock_type=ROS_TIME)"
,,,,"[0.0, 0.0, 0.0]","Time(nanoseconds=1716019186035277428, clock_type=ROS_TIME)"
,,,,"[0.0, 0.0, 0.0]","Time(nanoseconds=1716019186045434850, clock_type=ROS_TIME)"
,,,,"[0.0, 0.0, 0.0]","Time(nanoseconds=1716019186055448277, clock_type=ROS_TIME)"
,,,,"[0.0, 0.0, 0.0]","Time(nanoseconds=1716019186065404149, clock_type=ROS_TIME)"
,,,,"[0.0, 0.0, 0.0]","Time(nanoseconds=1716019186075527548, clock_type=ROS_TIME)"
,,,,"[0.0, 0.0, 0.0]","Time(nanoseconds=1716019186085324879, clock_type=ROS_TIME)"
,,,,"[0.0, 0.0, 0.0]","Time(nanoseconds=1716019186095433101, clock_type=ROS_TIME)"
,,,,"[0.0, 0.0, 0.0]","Time(nanoseconds=1716019186105382491, clock_type=ROS_TIME)"
,,,,"[0.0, 0.0, 0.0]","Time(nanoseconds=1716019186115363779, clock_type=ROS_TIME)"
,,,,"[0.0, 0.0, 0.0]","Time(nanoseconds=1716019186125386013, clock_type=ROS_TIME)"
,,,,"[0.0, 0.0, 0.0]","Time(nanoseconds=1716019186135394381, clock_type=ROS_TIME)"
,,,,"[0.0, 0.0, 0.0]","Time(nanoseconds=1716019186145442893, clock_type=ROS_TIME)"
,,,,"[0.0, 0.0, 0.0]","Time(nanoseconds=1716019186155507935, clock_type=ROS_TIME)"
,,,,"[0.0, 0.0, 0.0]","Time(nanoseconds=1716019186165417902, clock_type=ROS_TIME)"
,,,,"[0.0, 0.0, 0.0]","Time(nanoseconds=1716019186175488625, clock_type=ROS_TIME)"
,,,,"[0.0, 0.0, 0.0]","Time(nanoseconds=1716019186185284724, clock_type=ROS_TIME)"
,,,,"[0.0, 0.0, 0.0]","Time(nanoseconds=1716019186195503458, clock_type=ROS_TIME)"
,,,,"[0.0, 0.0, 0.0]","Time(nanoseconds=1716019186205493903, clock_type=ROS_TIME)"
,,,,"[0.0, 0.0, 0.0]","Time(nanoseconds=1716019186215416724, clock_type=ROS_TIME)"
,,,,"[0.0, 0.0, 0.0]","Time(nanoseconds=1716019186225515949, clock_type=ROS_TIME)"
,,,,"[0.0, 0.0, 0.0]","Time(nanoseconds=1716019186235325913, clock_type=ROS_TIME)"
,,,,"[0.0, 0.0, 0.0]","Time(nanoseconds=1716019186245443282, clock_type=ROS_TIME)"
,,,,"[0.0, 0.0, 0.0]","Time(nanoseconds=1716019186255434809, clock_type=ROS_TIME)"
,,,,"[0.0, 0.0, 0.0]","Time(nanoseconds=1716019186265493890, clock_type=ROS_TIME)"
,,,,"[0.0, 0.0, 0.0]","Time(nanoseconds=1716019186275443220, clock_type=ROS_TIME)"
,,,,"[0.0, 0.0, 0.0]","Time(nanoseconds=1716019186285442251, clock_type=ROS_TIME)"
,,,,"[0.0, 0.0, 0.0]","Time(nanoseconds=1716019186295391130, clock_type=ROS_TIME)"
,,,,"[0.0, 0.0, 0.0]","Time(nanoseconds=1716019186305387336, clock_type=ROS_TIME)"
,,,,"[0.0, 0.0, 0.0]","Time(nanoseconds=1716019186315273760, clock_type=ROS_TIME)"
,,,,"[0.0, 0.0, 0.0]","Time(nanoseconds=1716019186325416054, clock_type=ROS_TIME)"
,,,,"[0.0, 0.0, 0.0]","Time(nanoseconds=1716019186335328126, clock_type=ROS_TIME)"
,,,,"[0.0, 0.0, 0.0]","Time(nanoseconds=1716019186345432160, clock_type=ROS_TIME)"
,,,,"[0.0, 0.0, 0.0]","Time(nanoseconds=1716019186355518611, clock_type=ROS_TIME)"
,,,,"[0.0, 0.0, 0.0]","Time(nanoseconds=1716019186365490352, clock_type=ROS_TIME)"
,,,,"[0.0, 0.0, 0.0]","Time(nanoseconds=1716019186375916627, clock_type=ROS_TIME)"
,,,,"[0.0, 0.0, 0.0]","Time(nanoseconds=1716019186385472805, clock_type=ROS_TIME)"
,,,,"[0.0, 0.0, 0.0]","Time(nanoseconds=1716019186395470344, clock_type=ROS_TIME)"
,,,,"[0.0, 0.0, 0.0]","Time(nanoseconds=1716019186405377977, clock_type=ROS_TIME)"
,,,,"[0.0, 0.0, 0.0]","Time(nanoseconds=1716019186415256877, clock_type=ROS_TIME)"
,,,,"[0.0, 0.0, 0.0]","Time(nanoseconds=1716019186425395104, clock_type=ROS_TIME)"
,,,,"[0.0, 0.0, 0.0]","Time(nanoseconds=1716019186435253457, clock_type=ROS_TIME)"
,,,,"[0.0, 0.0, 0.0]","Time(nanoseconds=1716019186445473003, clock_type=ROS_TIME)"
,,,,"[0.0, 0.0, 0.0]","Time(nanoseconds=1716019186455490477, clock_type=ROS_TIME)"
,,,,"[0.0, 0.0, 0.0]","Time(nanoseconds=1716019186465226977, clock_type=ROS_TIME)"
,,,,"[0.0, 0.0, 0.0]","Time(nanoseconds=1716019186475416698, clock_type=ROS_TIME)"
,,,,"[0.0, 0.0, 0.0]","Time(nanoseconds=1716019186485246598, clock_type=ROS_TIME)"
,,,,"[0.0, 0.0, 0.0]","Time(nanoseconds=1716019186495370599, clock_type=ROS_TIME)"
,,,,"[0.0, 0.0, 0.0]","Time(nanoseconds=1716019186505361395, clock_type=ROS_TIME)"
,,,,"[0.0, 0.0, 0.0]","Time(nanoseconds=1716019186515276101, clock_type=ROS_TIME)"
,,,,"[0.0, 0.0, 0.0]","Time(nanoseconds=1716019186525363234, clock_type=ROS_TIME)"
,,,,"[0.0, 0.0, 0.0]","Time(nanoseconds=1716019186535400385, clock_type=ROS_TIME)"
,,,,"[0.0, 0.0, 0.0]","Time(nanoseconds=1716019186545388446, clock_type=ROS_TIME)"
,,,,"[0.0, 0.0, 0.0]","Time(nanoseconds=1716019186555428562, clock_type=ROS_TIME)"
,,,,"[0.0, 0.0, 0.0]","Time(nanoseconds=1716019186565389093, clock_type=ROS_TIME)"
,,,,"[0.0, 0.0, 0.0]","Time(nanoseconds=1716019186575377103, clock_type=ROS_TIME)"
,,,,"[0.0, 0.0, 0.0]","Time(nanoseconds=1716019186585375653, clock_type=ROS_TIME)"
,,,,"[0.0, 0.0, 0.0]","Time(nanoseconds=1716019186595455813, clock_type=ROS_TIME)"
,,,,"[0.0, 0.0, 0.0]","Time(nanoseconds=1716019186605429598, clock_type=ROS_TIME)"
,,,,"[0.0, 0.0, 0.0]","Time(nanoseconds=1716019186615424111, clock_type=ROS_TIME)"
,,,,"[0.0, 0.0, 0.0]","Time(nanoseconds=1716019186625430285, clock_type=ROS_TIME)"
,,,,"[0.0, 0.0, 0.0]","Time(nanoseconds=1716019186635404751, clock_type=ROS_TIME)"
,,,,"[0.0, 0.0, 0.0]","Time(nanoseconds=1716019186645518523, clock_type=ROS_TIME)"
,,,,"[0.0, 0.0, 0.0]","Time(nanoseconds=1716019186655479133, clock_type=ROS_TIME)"
,,,,"[0.0, 0.0, 0.0]","Time(nanoseconds=1716019186665405000, clock_type=ROS_TIME)"
,,,,"[0.0, 0.0, 0.0]","Time(nanoseconds=1716019186675516147, clock_type=ROS_TIME)"
,,,,"[0.0, 0.0, 0.0]","Time(nanoseconds=1716019186685445790, clock_type=ROS_TIME)"
,,,,"[0.0, 0.0, 0.0]","Time(nanoseconds=1716019186695510792, clock_type=ROS_TIME)"
,,,,"[0.0, 0.0, 0.0]","Time(nanoseconds=1716019186705533507, clock_type=ROS_TIME)"
,,,,"[0.0, 0.0, 0.0]","Time(nanoseconds=1716019186715463812, clock_type=ROS_TIME)"
,,,,"[0.0, 0.0, 0.0]","Time(nanoseconds=1716019186725511652, clock_type=ROS_TIME)"
,,,,"[0.0, 0.0, 0.0]","Time(nanoseconds=1716019186735392917, clock_type=ROS_TIME)"
,,,,"[0.0, 0.0, 0.0]","Time(nanoseconds=1716019186745522478, clock_type=ROS_TIME)"
,,,,"[0.0, 0.0, 0.0]","Time(nanoseconds=1716019186755539482, clock_type=ROS_TIME)"
,,,,"[0.0, 0.0, 0.0]","Time(nanoseconds=1716019186765378660, clock_type=ROS_TIME)"
,,,,"[0.0, 0.0, 0.0]","Time(nanoseconds=1716019186775520503, clock_type=ROS_TIME)"
,,,,"[0.0, 0.0, 0.0]","Time(nanoseconds=1716019186785499888, clock_type=ROS_TIME)"
,,,,"[0.0, 0.0, 0.0]","Time(nanoseconds=1716019186795510791, clock_type=ROS_TIME)"
,,,,"[0.0, 0.0, 0.0]","Time(nanoseconds=1716019186805501506, clock_type=ROS_TIME)"
,,,,"[0.0, 0.0, 0.0]","Time(nanoseconds=1716019186815497913, clock_type=ROS_TIME)"
,,,,"[0.0, 0.0, 0.0]","Time(nanoseconds=1716019186825517551, clock_type=ROS_TIME)"
,,,,"[0.0, 0.0, 0.0]","Time(nanoseconds=1716019186835502166, clock_type=ROS_TIME)"
,,,,"[0.0, 0.0, 0.0]","Time(nanoseconds=1716019186845507208, clock_type=ROS_TIME)"
,,,,"[0.0, 0.0, 0.0]","Time(nanoseconds=1716019186855506389, clock_type=ROS_TIME)"
,,,,"[0.0, 0.0, 0.0]","Time(nanoseconds=1716019186865436364, clock_type=ROS_TIME)"
,,,,"[0.0, 0.0, 0.0]","Time(nanoseconds=1716019186875505574, clock_type=ROS_TIME)"
,,,,"[0.0, 0.0, 0.0]","Time(nanoseconds=1716019186885392349, clock_type=ROS_TIME)"
,,,,"[0.0, 0.0, 0.0]","Time(nanoseconds=1716019186895511370, clock_type=ROS_TIME)"
,,,,"[0.0, 0.0, 0.0]","Time(nanoseconds=1716019186905480235, clock_type=ROS_TIME)"
,,,,"[0.0, 0.0, 0.0]","Time(nanoseconds=1716019186915450845, clock_type=ROS_TIME)"
,,,,"[0.0, 0.0, 0.0]","Time(nanoseconds=1716019186925477406, clock_type=ROS_TIME)"
,,,,"[0.0, 0.0, 0.0]","Time(nanoseconds=1716019186935522000, clock_type=ROS_TIME)"
,,,,"[0.0, 0.0, 0.0]","Time(nanoseconds=1716019186945528225, clock_type=ROS_TIME)"
,,,,"[0.0, 0.0, 0.0]","Time(nanoseconds=1716019186955505827, clock_type=ROS_TIME)"
,,,,"[0.0, 0.0, 0.0]","Time(nanoseconds=1716019186965401608, clock_type=ROS_TIME)"
,,,,"[0.0, 0.0, 0.0]","Time(nanoseconds=1716019186975512294, clock_type=ROS_TIME)"
,,,,"[0.0, 0.0, 0.0]","Time(nanoseconds=1716019186985411672, clock_type=ROS_TIME)"
,,,,"[0.0, 0.0, 0.0]","Time(nanoseconds=1716019186995513522, clock_type=ROS_TIME)"
,,,,"[0.0, 0.0, 0.0]","Time(nanoseconds=1716019187005516380, clock_type=ROS_TIME)"
,,,,"[0.0, 0.0, 0.0]","Time(nanoseconds=1716019187015528226, clock_type=ROS_TIME)"
,,,,"[0.0, 0.0, 0.0]","Time(nanoseconds=1716019187025578161, clock_type=ROS_TIME)"
,,,,"[0.0, 0.0, 0.0]","Time(nanoseconds=1716019187035596148, clock_type=ROS_TIME)"
,,,,"[0.0, 0.0, 0.0]","Time(nanoseconds=1716019187045543465, clock_type=ROS_TIME)"
,,,,"[0.0, 0.0, 0.0]","Time(nanoseconds=1716019187055503114, clock_type=ROS_TIME)"
,,,,"[0.0, 0.0, 0.0]","Time(nanoseconds=1716019187065561595, clock_type=ROS_TIME)"
,,,,"[0.0, 0.0, 0.0]","Time(nanoseconds=1716019187075528658, clock_type=ROS_TIME)"
,,,,"[0.0, 0.0, 0.0]","Time(nanoseconds=1716019187085482186, clock_type=ROS_TIME)"
,,,,"[0.0, 0.0, 0.0]","Time(nanoseconds=1716019187095512385, clock_type=ROS_TIME)"
,,,,"[0.0, 0.0, 0.0]","Time(nanoseconds=1716019187105497211, clock_type=ROS_TIME)"
,,,,"[0.0, 0.0, 0.0]","Time(nanoseconds=1716019187115519766, clock_type=ROS_TIME)"
,,,,"[0.0, 0.0, 0.0]","Time(nanoseconds=1716019187125482992, clock_type=ROS_TIME)"
,,,,"[0.0, 0.0, 0.0]","Time(nanoseconds=1716019187135503423, clock_type=ROS_TIME)"
,,,,"[0.0, 0.0, 0.0]","Time(nanoseconds=1716019187145489141, clock_type=ROS_TIME)"
,,,,"[0.0, 0.0, 0.0]","Time(nanoseconds=1716019187155477974, clock_type=ROS_TIME)"
,,,,"[0.0, 0.0, 0.0]","Time(nanoseconds=1716019187165391008, clock_type=ROS_TIME)"
,,,,"[0.0, 0.0, 0.0]","Time(nanoseconds=1716019187175451322, clock_type=ROS_TIME)"
,,,,"[0.0, 0.0, 0.0]","Time(nanoseconds=1716019187185495176, clock_type=ROS_TIME)"
,,,,"[0.0, 0.0, 0.0]","Time(nanoseconds=1716019187195504847, clock_type=ROS_TIME)"
,,,,"[0.0, 0.0, 0.0]","Time(nanoseconds=1716019187205506103, clock_type=ROS_TIME)"
,,,,"[0.0, 0.0, 0.0]","Time(nanoseconds=1716019187215475751, clock_type=ROS_TIME)"
,,,,"[0.0, 0.0, 0.0]","Time(nanoseconds=1716019187225505279, clock_type=ROS_TIME)"
,,,,"[0.0, 0.0, 0.0]","Time(nanoseconds=1716019187235311818, clock_type=ROS_TIME)"
,,,,"[0.0, 0.0, 0.0]","Time(nanoseconds=1716019187245377932, clock_type=ROS_TIME)"
,,,,"[0.0, 0.0, 0.0]","Time(nanoseconds=1716019187255439269, clock_type=ROS_TIME)"
,,,,"[0.0, 0.0, 0.0]","Time(nanoseconds=1716019187265267848, clock_type=ROS_TIME)"
,,,,"[0.0, 0.0, 0.0]","Time(nanoseconds=1716019187276144559, clock_type=ROS_TIME)"
,,,,"[0.0, 0.0, 0.0]","Time(nanoseconds=1716019187285391792, clock_type=ROS_TIME)"
,,,,"[0.0, 0.0, 0.0]","Time(nanoseconds=1716019187295359166, clock_type=ROS_TIME)"
,,,,"[0.0, 0.0, 0.0]","Time(nanoseconds=1716019187305376912, clock_type=ROS_TIME)"
,,,,"[0.0, 0.0, 0.0]","Time(nanoseconds=1716019187315272664, clock_type=ROS_TIME)"
,,,,"[0.0, 0.0, 0.0]","Time(nanoseconds=1716019187325421100, clock_type=ROS_TIME)"
,,,,"[0.0, 0.0, 0.0]","Time(nanoseconds=1716019187335283912, clock_type=ROS_TIME)"
,,,,"[0.0, 0.0, 0.0]","Time(nanoseconds=1716019187345412692, clock_type=ROS_TIME)"
,,,,"[0.0, 0.0, 0.0]","Time(nanoseconds=1716019187355427693, clock_type=ROS_TIME)"
,,,,"[0.0, 0.0, 0.0]","Time(nanoseconds=1716019187365357308, clock_type=ROS_TIME)"
,,,,"[0.0, 0.0, 0.0]","Time(nanoseconds=1716019187375408355, clock_type=ROS_TIME)"
,,,,"[0.0, 0.0, 0.0]","Time(nanoseconds=1716019187385372362, clock_type=ROS_TIME)"
,,,,"[0.0, 0.0, 0.0]","Time(nanoseconds=1716019187395440972, clock_type=ROS_TIME)"
,,,,"[0.0, 0.0, 0.0]","Time(nanoseconds=1716019187405496848, clock_type=ROS_TIME)"
,,,,"[0.0, 0.0, 0.0]","Time(nanoseconds=1716019187415445247, clock_type=ROS_TIME)"
,,,,"[0.0, 0.0, 0.0]","Time(nanoseconds=1716019187425379620, clock_type=ROS_TIME)"
,,,,"[0.0, 0.0, 0.0]","Time(nanoseconds=1716019187435282055, clock_type=ROS_TIME)"
,,,,"[0.0, 0.0, 0.0]","Time(nanoseconds=1716019187445383344, clock_type=ROS_TIME)"
,,,,"[0.0, 0.0, 0.0]","Time(nanoseconds=1716019187455478512, clock_type=ROS_TIME)"
,,,,"[0.0, 0.0, 0.0]","Time(nanoseconds=1716019187465266056, clock_type=ROS_TIME)"
,,,,"[0.0, 0.0, 0.0]","Time(nanoseconds=1716019187475426644, clock_type=ROS_TIME)"
,,,,"[0.0, 0.0, 0.0]","Time(nanoseconds=1716019187485170468, clock_type=ROS_TIME)"
,,,,"[0.0, 0.0, 0.0]","Time(nanoseconds=1716019187495439184, clock_type=ROS_TIME)"
,,,,"[0.0, 0.0, 0.0]","Time(nanoseconds=1716019187505442384, clock_type=ROS_TIME)"
,,,,"[0.0, 0.0, 0.0]","Time(nanoseconds=1716019187515304244, clock_type=ROS_TIME)"
,,,,"[0.0, 0.0, 0.0]","Time(nanoseconds=1716019187525417766, clock_type=ROS_TIME)"
,,,,"[0.0, 0.0, 0.0]","Time(nanoseconds=1716019187535355816, clock_type=ROS_TIME)"
,,,,"[0.0, 0.0, 0.0]","Time(nanoseconds=1716019187545410650, clock_type=ROS_TIME)"
,,,,"[0.0, 0.0, 0.0]","Time(nanoseconds=1716019187555369769, clock_type=ROS_TIME)"
,,,,"[0.0, 0.0, 0.0]","Time(nanoseconds=1716019187565333636, clock_type=ROS_TIME)"
,,,,"[0.0, 0.0, 0.0]","Time(nanoseconds=1716019187575362392, clock_type=ROS_TIME)"
,,,,"[0.0, 0.0, 0.0]","Time(nanoseconds=1716019187585466797, clock_type=ROS_TIME)"
,,,,"[0.0, 0.0, 0.0]","Time(nanoseconds=1716019187595486698, clock_type=ROS_TIME)"
,,,,"[0.0, 0.0, 0.0]","Time(nanoseconds=1716019187605354308, clock_type=ROS_TIME)"
,,,,"[0.0, 0.0, 0.0]","Time(nanoseconds=1716019187615396549, clock_type=ROS_TIME)"
,,,,"[0.0, 0.0, 0.0]","Time(nanoseconds=1716019187625292191, clock_type=ROS_TIME)"
,,,,"[0.0, 0.0, 0.0]","Time(nanoseconds=1716019187635406004, clock_type=ROS_TIME)"
,,,,"[0.0, 0.0, 0.0]","Time(nanoseconds=1716019187645472760, clock_type=ROS_TIME)"
,,,,"[0.0, 0.0, 0.0]","Time(nanoseconds=1716019187655489925, clock_type=ROS_TIME)"
,,,,"[0.0, 0.0, 0.0]","Time(nanoseconds=1716019187665410833, clock_type=ROS_TIME)"
,,,,"[0.0, 0.0, 0.0]","Time(nanoseconds=1716019187675442926, clock_type=ROS_TIME)"
,,,,"[0.0, 0.0, 0.0]","Time(nanoseconds=1716019187685195806, clock_type=ROS_TIME)"
,,,,"[0.0, 0.0, 0.0]","Time(nanoseconds=1716019187695486964, clock_type=ROS_TIME)"
,,,,"[0.0, 0.0, 0.0]","Time(nanoseconds=1716019187705464697, clock_type=ROS_TIME)"
,,,,"[0.0, 0.0, 0.0]","Time(nanoseconds=1716019187716163953, clock_type=ROS_TIME)"
,,,,"[0.0, 0.0, 0.0]","Time(nanoseconds=1716019187725478570, clock_type=ROS_TIME)"
,,,,"[0.0, 0.0, 0.0]","Time(nanoseconds=1716019187736162117, clock_type=ROS_TIME)"
,,,,"[0.0, 0.0, 0.0]","Time(nanoseconds=1716019187745497552, clock_type=ROS_TIME)"
,,,,"[0.0, 0.0, 0.0]","Time(nanoseconds=1716019187755318968, clock_type=ROS_TIME)"
,,,,"[0.0, 0.0, 0.0]","Time(nanoseconds=1716019187765500264, clock_type=ROS_TIME)"
,,,,"[0.0, 0.0, 0.0]","Time(nanoseconds=1716019187775306753, clock_type=ROS_TIME)"
,,,,"[0.0, 0.0, 0.0]","Time(nanoseconds=1716019187785442375, clock_type=ROS_TIME)"
,,,,"[0.0, 0.0, 0.0]","Time(nanoseconds=1716019187795383560, clock_type=ROS_TIME)"
,,,,"[0.0, 0.0, 0.0]","Time(nanoseconds=1716019187805409351, clock_type=ROS_TIME)"
,,,,"[0.0, 0.0, 0.0]","Time(nanoseconds=1716019187815316625, clock_type=ROS_TIME)"
,,,,"[0.0, 0.0, 0.0]","Time(nanoseconds=1716019187825418766, clock_type=ROS_TIME)"
,,,,"[0.0, 0.0, 0.0]","Time(nanoseconds=1716019187835211609, clock_type=ROS_TIME)"
,,,,"[0.0, 0.0, 0.0]","Time(nanoseconds=1716019187845479615, clock_type=ROS_TIME)"
,,,,"[0.0, 0.0, 0.0]","Time(nanoseconds=1716019187855449152, clock_type=ROS_TIME)"
,,,,"[0.0, 0.0, 0.0]","Time(nanoseconds=1716019187865476155, clock_type=ROS_TIME)"
,,,,"[0.0, 0.0, 0.0]","Time(nanoseconds=1716019187876130559, clock_type=ROS_TIME)"
,,,,"[0.0, 0.0, 0.0]","Time(nanoseconds=1716019187886150319, clock_type=ROS_TIME)"
,,,,"[0.0, 0.0, 0.0]","Time(nanoseconds=1716019187895416757, clock_type=ROS_TIME)"
,,,,"[0.0, 0.0, 0.0]","Time(nanoseconds=1716019187905478344, clock_type=ROS_TIME)"
,,,,"[0.0, 0.0, 0.0]","Time(nanoseconds=1716019187915491682, clock_type=ROS_TIME)"
,,,,"[0.0, 0.0, 0.0]","Time(nanoseconds=1716019187925431765, clock_type=ROS_TIME)"
,,,,"[0.0, 0.0, 0.0]","Time(nanoseconds=1716019187935433222, clock_type=ROS_TIME)"
,,,,"[0.0, 0.0, 0.0]","Time(nanoseconds=1716019187945362405, clock_type=ROS_TIME)"
,,,,"[0.0, 0.0, 0.0]","Time(nanoseconds=1716019187955434391, clock_type=ROS_TIME)"
,,,,"[0.0, 0.0, 0.0]","Time(nanoseconds=1716019187965195326, clock_type=ROS_TIME)"
,,,,"[0.0, 0.0, 0.0]","Time(nanoseconds=1716019187975412067, clock_type=ROS_TIME)"
,,,,"[0.0, 0.0, 0.0]","Time(nanoseconds=1716019187985202927, clock_type=ROS_TIME)"
,,,,"[0.0, 0.0, 0.0]","Time(nanoseconds=1716019187995410070, clock_type=ROS_TIME)"
,,,,"[0.0, 0.0, 0.0]","Time(nanoseconds=1716019188005433908, clock_type=ROS_TIME)"
,,,,"[0.0, 0.0, 0.0]","Time(nanoseconds=1716019188015493561, clock_type=ROS_TIME)"
,,,,"[0.0, 0.0, 0.0]","Time(nanoseconds=1716019188025446539, clock_type=ROS_TIME)"
,,,,"[0.0, 0.0, 0.0]","Time(nanoseconds=1716019188035335119, clock_type=ROS_TIME)"
,,,,"[0.0, 0.0, 0.0]","Time(nanoseconds=1716019188045349941, clock_type=ROS_TIME)"
,,,,"[0.0, 0.0, 0.0]","Time(nanoseconds=1716019188055510710, clock_type=ROS_TIME)"
,,,,"[0.0, 0.0, 0.0]","Time(nanoseconds=1716019188065194154, clock_type=ROS_TIME)"
,,,,"[0.0, 0.0, 0.0]","Time(nanoseconds=1716019188075484491, clock_type=ROS_TIME)"
,,,,"[0.0, 0.0, 0.0]","Time(nanoseconds=1716019188085234567, clock_type=ROS_TIME)"
,,,,"[0.0, 0.0, 0.0]","Time(nanoseconds=1716019188095375039, clock_type=ROS_TIME)"
,,,,"[0.0, 0.0, 0.0]","Time(nanoseconds=1716019188105356359, clock_type=ROS_TIME)"
,,,,"[0.0, 0.0, 0.0]","Time(nanoseconds=1716019188115413227, clock_type=ROS_TIME)"
,,,,"[0.0, 0.0, 0.0]","Time(nanoseconds=1716019188125553319, clock_type=ROS_TIME)"
,,,,"[0.0, 0.0, 0.0]","Time(nanoseconds=1716019188135439985, clock_type=ROS_TIME)"
,,,,"[0.0, 0.0, 0.0]","Time(nanoseconds=1716019188145485583, clock_type=ROS_TIME)"
,,,,"[0.0, 0.0, 0.0]","Time(nanoseconds=1716019188155503781, clock_type=ROS_TIME)"
,,,,"[0.0, 0.0, 0.0]","Time(nanoseconds=1716019188165366544, clock_type=ROS_TIME)"
,,,,"[0.0, 0.0, 0.0]","Time(nanoseconds=1716019188175299245, clock_type=ROS_TIME)"
,,,,"[0.0, 0.0, 0.0]","Time(nanoseconds=1716019188185275596, clock_type=ROS_TIME)"
,,,,"[0.0, 0.0, 0.0]","Time(nanoseconds=1716019188195545325, clock_type=ROS_TIME)"
,,,,"[0.0, 0.0, 0.0]","Time(nanoseconds=1716019188205514112, clock_type=ROS_TIME)"
,,,,"[0.0, 0.0, 0.0]","Time(nanoseconds=1716019188215476567, clock_type=ROS_TIME)"
,,,,"[0.0, 0.0, 0.0]","Time(nanoseconds=1716019188225296101, clock_type=ROS_TIME)"
,,,,"[0.0, 0.0, 0.0]","Time(nanoseconds=1716019188235465696, clock_type=ROS_TIME)"
,,,,"[0.0, 0.0, 0.0]","Time(nanoseconds=1716019188245457355, clock_type=ROS_TIME)"
,,,,"[0.0, 0.0, 0.0]","Time(nanoseconds=1716019188255523120, clock_type=ROS_TIME)"
,,,,"[0.0, 0.0, 0.0]","Time(nanoseconds=1716019188265379681, clock_type=ROS_TIME)"
,,,,"[0.0, 0.0, 0.0]","Time(nanoseconds=1716019188275496801, clock_type=ROS_TIME)"
,,,,"[0.0, 0.0, 0.0]","Time(nanoseconds=1716019188285445451, clock_type=ROS_TIME)"
,,,,"[0.0, 0.0, 0.0]","Time(nanoseconds=1716019188295339781, clock_type=ROS_TIME)"
,,,,"[0.0, 0.0, 0.0]","Time(nanoseconds=1716019188305476206, clock_type=ROS_TIME)"
,,,,"[0.0, 0.0, 0.0]","Time(nanoseconds=1716019188315460301, clock_type=ROS_TIME)"
,,,,"[0.0, 0.0, 0.0]","Time(nanoseconds=1716019188325469583, clock_type=ROS_TIME)"
,,,,"[0.0, 0.0, 0.0]","Time(nanoseconds=1716019188335397455, clock_type=ROS_TIME)"
,,,,"[0.0, 0.0, 0.0]","Time(nanoseconds=1716019188345348169, clock_type=ROS_TIME)"
,,,,"[0.0, 0.0, 0.0]","Time(nanoseconds=1716019188355426557, clock_type=ROS_TIME)"
,,,,"[0.0, 0.0, 0.0]","Time(nanoseconds=1716019188365396235, clock_type=ROS_TIME)"
,,,,"[0.0, 0.0, 0.0]","Time(nanoseconds=1716019188375431023, clock_type=ROS_TIME)"
,,,,"[0.0, 0.0, 0.0]","Time(nanoseconds=1716019188385400782, clock_type=ROS_TIME)"
,,,,"[0.0, 0.0, 0.0]","Time(nanoseconds=1716019188395449085, clock_type=ROS_TIME)"
,,,,"[0.0, 0.0, 0.0]","Time(nanoseconds=1716019188405482982, clock_type=ROS_TIME)"
,,,,"[0.0, 0.0, 0.0]","Time(nanoseconds=1716019188415360732, clock_type=ROS_TIME)"
,,,,"[0.0, 0.0, 0.0]","Time(nanoseconds=1716019188425486897, clock_type=ROS_TIME)"
,,,,"[0.0, 0.0, 0.0]","Time(nanoseconds=1716019188435315497, clock_type=ROS_TIME)"
,,,,"[0.0, 0.0, 0.0]","Time(nanoseconds=1716019188445471007, clock_type=ROS_TIME)"
,,,,"[0.0, 0.0, 0.0]","Time(nanoseconds=1716019188455454641, clock_type=ROS_TIME)"
,,,,"[0.0, 0.0, 0.0]","Time(nanoseconds=1716019188465260119, clock_type=ROS_TIME)"
,,,,"[0.0, 0.0, 0.0]","Time(nanoseconds=1716019188475441857, clock_type=ROS_TIME)"
,,,,"[0.0, 0.0, 0.0]","Time(nanoseconds=1716019188485228520, clock_type=ROS_TIME)"
,,,,"[0.0, 0.0, 0.0]","Time(nanoseconds=1716019188495426818, clock_type=ROS_TIME)"
,,,,"[0.0, 0.0, 0.0]","Time(nanoseconds=1716019188505501509, clock_type=ROS_TIME)"
,,,,"[0.0, 0.0, 0.0]","Time(nanoseconds=1716019188515403564, clock_type=ROS_TIME)"
,,,,"[0.0, 0.0, 0.0]","Time(nanoseconds=1716019188525483154, clock_type=ROS_TIME)"
,,,,"[0.0, 0.0, 0.0]","Time(nanoseconds=1716019188535451551, clock_type=ROS_TIME)"
,,,,"[0.0, 0.0, 0.0]","Time(nanoseconds=1716019188545595890, clock_type=ROS_TIME)"
,,,,"[0.0, 0.0, 0.0]","Time(nanoseconds=1716019188555573794, clock_type=ROS_TIME)"
,,,,"[0.0, 0.0, 0.0]","Time(nanoseconds=1716019188565517815, clock_type=ROS_TIME)"
,,,,"[0.0, 0.0, 0.0]","Time(nanoseconds=1716019188575545420, clock_type=ROS_TIME)"
,,,,"[0.0, 0.0, 0.0]","Time(nanoseconds=1716019188585501494, clock_type=ROS_TIME)"
,,,,"[0.0, 0.0, 0.0]","Time(nanoseconds=1716019188595443532, clock_type=ROS_TIME)"
,,,,"[0.0, 0.0, 0.0]","Time(nanoseconds=1716019188605534834, clock_type=ROS_TIME)"
,,,,"[0.0, 0.0, 0.0]","Time(nanoseconds=1716019188615324993, clock_type=ROS_TIME)"
,,,,"[0.0, 0.0, 0.0]","Time(nanoseconds=1716019188625482948, clock_type=ROS_TIME)"
,,,,"[0.0, 0.0, 0.0]","Time(nanoseconds=1716019188635401533, clock_type=ROS_TIME)"
,,,,"[0.0, 0.0, 0.0]","Time(nanoseconds=1716019188645440058, clock_type=ROS_TIME)"
,,,,"[0.0, 0.0, 0.0]","Time(nanoseconds=1716019188655416228, clock_type=ROS_TIME)"
,,,,"[0.0, 0.0, 0.0]","Time(nanoseconds=1716019188665414680, clock_type=ROS_TIME)"
,,,,"[0.0, 0.0, 0.0]","Time(nanoseconds=1716019188675490373, clock_type=ROS_TIME)"
,,,,"[0.0, 0.0, 0.0]","Time(nanoseconds=1716019188685406483, clock_type=ROS_TIME)"
,,,,"[0.0, 0.0, 0.0]","Time(nanoseconds=1716019188695434950, clock_type=ROS_TIME)"
,,,,"[0.0, 0.0, 0.0]","Time(nanoseconds=1716019188705390723, clock_type=ROS_TIME)"
,,,,"[0.0, 0.0, 0.0]","Time(nanoseconds=1716019188715365151, clock_type=ROS_TIME)"
,,,,"[0.0, 0.0, 0.0]","Time(nanoseconds=1716019188725445693, clock_type=ROS_TIME)"
,,,,"[0.0, 0.0, 0.0]","Time(nanoseconds=1716019188735366422, clock_type=ROS_TIME)"
,,,,"[0.0, 0.0, 0.0]","Time(nanoseconds=1716019188745447866, clock_type=ROS_TIME)"
,,,,"[0.0, 0.0, 0.0]","Time(nanoseconds=1716019188755774629, clock_type=ROS_TIME)"
,,,,"[0.0, 0.0, 0.0]","Time(nanoseconds=1716019188765480885, clock_type=ROS_TIME)"
,,,,"[0.0, 0.0, 0.0]","Time(nanoseconds=1716019188775511775, clock_type=ROS_TIME)"
,,,,"[0.0, 0.0, 0.0]","Time(nanoseconds=1716019188785436532, clock_type=ROS_TIME)"
,,,,"[0.0, 0.0, 0.0]","Time(nanoseconds=1716019188795509570, clock_type=ROS_TIME)"
,,,,"[0.0, 0.0, 0.0]","Time(nanoseconds=1716019188805512249, clock_type=ROS_TIME)"
,,,,"[0.0, 0.0, 0.0]","Time(nanoseconds=1716019188815495844, clock_type=ROS_TIME)"
,,,,"[0.0, 0.0, 0.0]","Time(nanoseconds=1716019188825505876, clock_type=ROS_TIME)"
,,,,"[0.0, 0.0, 0.0]","Time(nanoseconds=1716019188835395518, clock_type=ROS_TIME)"
,,,,"[0.0, 0.0, 0.0]","Time(nanoseconds=1716019188845506206, clock_type=ROS_TIME)"
,,,,"[0.0, 0.0, 0.0]","Time(nanoseconds=1716019188855521438, clock_type=ROS_TIME)"
,,,,"[0.0, 0.0, 0.0]","Time(nanoseconds=1716019188865301469, clock_type=ROS_TIME)"
,,,,"[0.0, 0.0, 0.0]","Time(nanoseconds=1716019188875498164, clock_type=ROS_TIME)"
,,,,"[0.0, 0.0, 0.0]","Time(nanoseconds=1716019188885362389, clock_type=ROS_TIME)"
,,,,"[0.0, 0.0, 0.0]","Time(nanoseconds=1716019188895502721, clock_type=ROS_TIME)"
,,,,"[0.0, 0.0, 0.0]","Time(nanoseconds=1716019188905534033, clock_type=ROS_TIME)"
,,,,"[0.0, 0.0, 0.0]","Time(nanoseconds=1716019188916158383, clock_type=ROS_TIME)"
,,,,"[0.0, 0.0, 0.0]","Time(nanoseconds=1716019188925475144, clock_type=ROS_TIME)"
,,,,"[0.0, 0.0, 0.0]","Time(nanoseconds=1716019188935603393, clock_type=ROS_TIME)"
